startTime,requestDuration,overallDuration,success
2023-01-21T23:07:58Z,1308,2270,true
2023-01-21T23:07:58Z,1058,1777,true
2023-01-21T23:07:58Z,743,1356,true
2023-01-21T23:07:58Z,736,1358,true
2023-01-21T23:07:58Z,818,1361,true
2023-01-21T23:07:58Z,1156,2088,true
2023-01-21T23:07:58Z,725,1281,true
2023-01-21T23:07:58Z,836,1513,true
2023-01-21T23:07:58Z,996,1779,true
2023-01-21T23:07:58Z,688,1246,true
2023-01-21T23:07:59Z,797,1328,true
2023-01-21T23:07:59Z,724,1493,true
2023-01-21T23:07:59Z,686,1198,true
2023-01-21T23:07:59Z,807,1371,true
2023-01-21T23:07:59Z,707,1288,true
2023-01-21T23:07:59Z,661,1201,true
2023-01-21T23:07:59Z,1038,1602,true
2023-01-21T23:07:59Z,1116,1646,true
2023-01-21T23:07:59Z,1272,1876,true
2023-01-21T23:07:59Z,750,1321,true
2023-01-21T23:07:59Z,624,7001,true
2023-01-21T23:07:59Z,680,1227,true
2023-01-21T23:07:59Z,654,1280,true
2023-01-21T23:07:59Z,720,1343,true
2023-01-21T23:07:59Z,1085,1634,true
2023-01-21T23:07:59Z,764,1420,true
2023-01-21T23:07:59Z,757,1309,true
2023-01-21T23:07:59Z,759,1387,true
2023-01-21T23:07:59Z,799,1343,true
2023-01-21T23:07:59Z,697,1342,true
2023-01-21T23:07:59Z,695,1342,true
2023-01-21T23:07:59Z,728,1398,true
2023-01-21T23:07:59Z,703,1312,true
2023-01-21T23:07:59Z,774,1296,true
2023-01-21T23:07:59Z,703,1317,true
2023-01-21T23:08:00Z,685,1307,true
2023-01-21T23:08:00Z,787,1484,true
2023-01-21T23:08:00Z,818,1463,true
2023-01-21T23:08:00Z,1120,1762,true
2023-01-21T23:08:00Z,700,1269,true
2023-01-21T23:08:00Z,785,1362,true
2023-01-21T23:08:00Z,1174,1806,true
2023-01-21T23:08:00Z,791,1439,true
2023-01-21T23:08:00Z,746,1388,true
2023-01-21T23:08:00Z,728,1267,true
2023-01-21T23:08:00Z,793,1408,true
2023-01-21T23:08:00Z,633,1158,true
2023-01-21T23:08:00Z,714,1254,true
2023-01-21T23:08:00Z,703,1378,true
2023-01-21T23:08:00Z,705,1291,true
2023-01-21T23:08:00Z,719,1271,true
2023-01-21T23:08:00Z,744,1372,true
2023-01-21T23:08:00Z,723,1319,true
2023-01-21T23:08:00Z,697,1259,true
2023-01-21T23:08:00Z,721,1278,true
2023-01-21T23:08:00Z,730,1380,true
2023-01-21T23:08:00Z,654,1220,true
2023-01-21T23:08:00Z,667,1251,true
2023-01-21T23:08:00Z,758,1390,true
2023-01-21T23:08:01Z,712,1326,true
2023-01-21T23:08:01Z,663,1239,true
2023-01-21T23:08:01Z,757,1366,true
2023-01-21T23:08:01Z,724,1297,true
2023-01-21T23:08:01Z,663,1254,true
2023-01-21T23:08:01Z,714,1317,true
2023-01-21T23:08:01Z,655,1236,true
2023-01-21T23:08:01Z,665,1251,true
2023-01-21T23:08:01Z,777,2196,true
2023-01-21T23:08:01Z,795,1491,true
2023-01-21T23:08:01Z,692,1262,true
2023-01-21T23:08:01Z,717,1263,true
2023-01-21T23:08:01Z,10120,10772,true
2023-01-21T23:08:01Z,682,1253,true
2023-01-21T23:08:01Z,748,1328,true
2023-01-21T23:08:01Z,783,1427,true
2023-01-21T23:08:01Z,694,1245,true
2023-01-21T23:08:01Z,1465,1970,true
2023-01-21T23:08:01Z,822,1403,true
2023-01-21T23:08:01Z,693,1278,true
2023-01-21T23:08:01Z,695,1355,true
2023-01-21T23:08:01Z,707,1255,true
2023-01-21T23:08:01Z,770,1366,true
2023-01-21T23:08:01Z,605,1147,true
2023-01-21T23:08:02Z,694,1227,true
2023-01-21T23:08:02Z,722,1348,true
2023-01-21T23:08:02Z,663,1201,true
2023-01-21T23:08:02Z,1102,1665,true
2023-01-21T23:08:02Z,751,1396,true
2023-01-21T23:08:02Z,781,1308,true
2023-01-21T23:08:02Z,758,1274,true
2023-01-21T23:08:02Z,757,1405,true
2023-01-21T23:08:02Z,706,1284,true
2023-01-21T23:08:02Z,714,1332,true
2023-01-21T23:08:02Z,787,1387,true
2023-01-21T23:08:02Z,790,1402,true
2023-01-21T23:08:02Z,681,1222,true
2023-01-21T23:08:02Z,761,1291,true
2023-01-21T23:08:02Z,778,1346,true
2023-01-21T23:08:02Z,723,1332,true
2023-01-21T23:08:02Z,732,1326,true
2023-01-21T23:08:02Z,810,1436,true
2023-01-21T23:08:02Z,1438,2000,true
2023-01-21T23:08:02Z,686,1374,true
2023-01-21T23:08:02Z,770,1396,true
2023-01-21T23:08:02Z,693,1285,true
2023-01-21T23:08:02Z,698,1224,true
2023-01-21T23:08:02Z,721,1347,true
2023-01-21T23:08:02Z,734,1343,true
2023-01-21T23:08:03Z,762,1283,true
2023-01-21T23:08:03Z,750,1436,true
2023-01-21T23:08:03Z,676,1270,true
2023-01-21T23:08:03Z,715,1236,true
2023-01-21T23:08:03Z,737,1379,true
2023-01-21T23:08:03Z,711,1289,true
2023-01-21T23:08:03Z,690,1267,true
2023-01-21T23:08:03Z,780,1410,true
2023-01-21T23:08:03Z,626,1313,true
2023-01-21T23:08:03Z,727,1290,true
2023-01-21T23:08:03Z,752,1314,true
2023-01-21T23:08:03Z,655,1275,true
2023-01-21T23:08:03Z,753,1319,true
2023-01-21T23:08:03Z,839,1421,true
2023-01-21T23:08:03Z,737,1409,true
2023-01-21T23:08:03Z,640,1223,true
2023-01-21T23:08:03Z,728,1380,true
2023-01-21T23:08:03Z,749,1433,true
2023-01-21T23:08:03Z,785,1385,true
2023-01-21T23:08:03Z,685,1246,true
2023-01-21T23:08:03Z,661,1265,true
2023-01-21T23:08:03Z,639,1202,true
2023-01-21T23:08:03Z,693,1262,true
2023-01-21T23:08:03Z,775,1342,true
2023-01-21T23:08:04Z,726,1525,true
2023-01-21T23:08:04Z,712,1292,true
2023-01-21T23:08:04Z,691,1252,true
2023-01-21T23:08:04Z,745,1359,true
2023-01-21T23:08:04Z,1027,1696,true
2023-01-21T23:08:04Z,734,1366,true
2023-01-21T23:08:04Z,793,1412,true
2023-01-21T23:08:04Z,700,1246,true
2023-01-21T23:08:04Z,672,1295,true
2023-01-21T23:08:04Z,792,1372,true
2023-01-21T23:08:04Z,686,1274,true
2023-01-21T23:08:04Z,668,1262,true
2023-01-21T23:08:04Z,763,1395,true
2023-01-21T23:08:04Z,704,1250,true
2023-01-21T23:08:04Z,714,1267,true
2023-01-21T23:08:04Z,732,1290,true
2023-01-21T23:08:04Z,774,1441,true
2023-01-21T23:08:04Z,706,1295,true
2023-01-21T23:08:04Z,668,1237,true
2023-01-21T23:08:04Z,845,1429,true
2023-01-21T23:08:04Z,687,1257,true
2023-01-21T23:08:04Z,714,1382,true
2023-01-21T23:08:04Z,1308,1950,true
2023-01-21T23:08:04Z,704,1359,true
2023-01-21T23:08:04Z,763,1402,true
2023-01-21T23:08:05Z,793,1488,true
2023-01-21T23:08:05Z,708,1354,true
2023-01-21T23:08:05Z,781,1444,true
2023-01-21T23:08:05Z,704,1364,true
2023-01-21T23:08:05Z,955,1652,true
2023-01-21T23:08:05Z,712,1349,true
2023-01-21T23:08:05Z,732,1328,true
2023-01-21T23:08:05Z,771,1406,true
2023-01-21T23:08:05Z,704,1328,true
2023-01-21T23:08:05Z,666,1283,true
2023-01-21T23:08:05Z,724,1394,true
2023-01-21T23:08:05Z,715,1265,true
2023-01-21T23:08:05Z,692,1342,true
2023-01-21T23:08:05Z,833,1433,true
2023-01-21T23:08:05Z,690,1284,true
2023-01-21T23:08:05Z,679,1228,true
2023-01-21T23:08:05Z,663,1266,true
2023-01-21T23:08:05Z,670,1229,true
2023-01-21T23:08:05Z,666,1238,true
2023-01-21T23:08:05Z,642,1194,true
2023-01-21T23:08:05Z,767,1391,true
2023-01-21T23:08:05Z,716,1306,true
2023-01-21T23:08:05Z,677,1252,true
2023-01-21T23:08:05Z,735,1368,true
2023-01-21T23:08:06Z,726,1281,true
2023-01-21T23:08:06Z,707,1261,true
2023-01-21T23:08:06Z,810,1452,true
2023-01-21T23:08:06Z,694,1238,true
2023-01-21T23:08:06Z,649,1261,true
2023-01-21T23:08:06Z,659,1258,true
2023-01-21T23:08:06Z,664,1260,true
2023-01-21T23:08:06Z,641,1209,true
2023-01-21T23:08:06Z,766,1384,true
2023-01-21T23:08:06Z,697,1240,true
2023-01-21T23:08:06Z,735,1291,true
2023-01-21T23:08:06Z,790,1413,true
2023-01-21T23:08:06Z,793,1381,true
2023-01-21T23:08:06Z,684,1260,true
2023-01-21T23:08:06Z,815,1392,true
2023-01-21T23:08:06Z,746,1322,true
2023-01-21T23:08:06Z,732,1376,true
2023-01-21T23:08:06Z,745,1337,true
2023-01-21T23:08:06Z,1203,1820,true
2023-01-21T23:08:06Z,722,1331,true
2023-01-21T23:08:06Z,7502,8084,true
2023-01-21T23:08:06Z,693,1303,true
2023-01-21T23:08:06Z,672,1235,true
2023-01-21T23:08:06Z,636,1206,true
2023-01-21T23:08:07Z,772,1386,true
2023-01-21T23:08:07Z,747,1280,true
2023-01-21T23:08:07Z,665,1241,true
2023-01-21T23:08:07Z,697,1344,true
2023-01-21T23:08:07Z,768,1421,true
2023-01-21T23:08:07Z,812,1495,true
2023-01-21T23:08:07Z,753,1323,true
2023-01-21T23:08:07Z,710,1314,true
2023-01-21T23:08:07Z,700,1308,true
2023-01-21T23:08:07Z,690,1280,true
2023-01-21T23:08:07Z,726,1343,true
2023-01-21T23:08:07Z,710,1285,true
2023-01-21T23:08:07Z,747,1335,true
2023-01-21T23:08:07Z,713,1362,true
2023-01-21T23:08:07Z,760,1342,true
2023-01-21T23:08:07Z,789,1373,true
2023-01-21T23:08:07Z,702,1345,true
2023-01-21T23:08:07Z,804,1407,true
2023-01-21T23:08:07Z,665,1249,true
2023-01-21T23:08:07Z,762,1356,true
2023-01-21T23:08:07Z,716,1292,true
2023-01-21T23:08:07Z,756,1356,true
2023-01-21T23:08:07Z,746,1353,true
2023-01-21T23:08:07Z,765,1350,true
2023-01-21T23:08:07Z,661,1254,true
2023-01-21T23:08:08Z,676,1233,true
2023-01-21T23:08:08Z,730,1315,true
2023-01-21T23:08:08Z,697,1281,true
2023-01-21T23:08:08Z,698,1322,true
2023-01-21T23:08:08Z,752,1403,true
2023-01-21T23:08:08Z,793,1443,true
2023-01-21T23:08:08Z,726,1310,true
2023-01-21T23:08:08Z,634,1181,true
2023-01-21T23:08:08Z,747,1467,true
2023-01-21T23:08:08Z,672,1261,true
2023-01-21T23:08:08Z,638,1225,true
2023-01-21T23:08:08Z,733,1315,true
2023-01-21T23:08:08Z,820,1447,true
